"country_name","avg_death_rate"
"Mali","16663.67968253968"
"Sierra Leone","16481.582857142857"
"Guinea","14697.014285714295"
"Guinea-Bissau","14643.402539682536"
"Ethiopia","14447.067936507938"
"Liberia","14335.91777777778"
"Bangladesh","14210.700000000003"
"Afghanistan","14063.417142857154"
"Nepal","13753.267619047612"
"Pakistan","13616.336825396815"
